﻿Source: Office For Costal Management (https://coast.noaa.gov/states/),
Coastak states keywords: has coastal residents,
State,Coastal/Inland
Alabama,Coastal
Alaska ,Coastal
Arizona ,Inland
Arkansas ,Inland
California,Coastal
Colorado ,Inland
Connecticut ,Coastal
Delaware ,Coastal
Florida ,Coastal
Georgia ,Coastal
Hawaii ,Coastal
Idaho ,Inland
Illinois ,Coastal
Indiana,Coastal
Iowa ,Inland
Kansas ,Inland
Kentucky ,Inland
Louisiana ,Coastal
Maine ,Coastal
Maryland,Coastal
Massachusetts ,Coastal
Michigan,Coastal
Minnesota,Coastal
Mississippi,Coastal
Missouri ,Inland
Montana,Inland
Nebraska,Inland
Nevada,Inland
New Hampshire ,Coastal
New Jersey ,Coastal
New Mexico ,Inland
New York ,Coastal
North Carolina,Coastal
North Dakota ,Inland
Ohio ,Coastal
Oklahoma ,Inland
Oregon ,Coastal
Pennsylvania ,Coastal
Rhode Island ,Coastal
South Carolina ,Coastal
South Dakota,Coastal
Tennessee ,Inland
Texas ,Coastal
Utah,Inland
Vermont,Inland
Virginia ,Coastal
Washington,Coastal
West Virginia,Inland
Wisconsin,Coastal
Wyoming ,Inland